clade_name	metaphlan_species_name	metaphlan_species_normalized	metaphlan_binomial_normalized	matched_candidate_taxon	candidate_binomial_normalized	confidence	confidence_weight	matching_method	include_for_primary_burden
k__Bacteria|p__Proteobacteria|c__Gammaproteobacteria|o__Enterobacterales|f__Enterobacteriaceae|g__Escherichia|s__Escherichia_coli	Escherichia coli	escherichia coli	escherichia coli	Escherichia coli	escherichia coli	high	1.0	binomial_species_match	yes
k__Bacteria|p__Proteobacteria|c__Gammaproteobacteria|o__Enterobacterales|f__Enterobacteriaceae|g__Escherichia|s__Escherichia_coli|t__SGB10068	Escherichia coli	escherichia coli	escherichia coli	Escherichia coli	escherichia coli	high	1.0	binomial_species_match	yes
k__Bacteria|p__Proteobacteria|c__Gammaproteobacteria|o__Enterobacterales|f__Enterobacteriaceae|g__Citrobacter|s__Citrobacter_koseri	Citrobacter koseri	citrobacter koseri	citrobacter koseri	Citrobacter koseri	citrobacter koseri	high	1.0	binomial_species_match	yes
k__Bacteria|p__Proteobacteria|c__Gammaproteobacteria|o__Enterobacterales|f__Enterobacteriaceae|g__Citrobacter|s__Citrobacter_koseri|t__SGB10079	Citrobacter koseri	citrobacter koseri	citrobacter koseri	Citrobacter koseri	citrobacter koseri	high	1.0	binomial_species_match	yes
k__Bacteria|p__Proteobacteria|c__Gammaproteobacteria|o__Enterobacterales|f__Enterobacteriaceae|g__Enterobacter|s__Enterobacter_kobei|t__SGB10133	Enterobacter kobei	enterobacter kobei	enterobacter kobei	Enterobacter kobei	enterobacter kobei	high	1.0	binomial_species_match	yes
k__Bacteria|p__Proteobacteria|c__Gammaproteobacteria|o__Enterobacterales|f__Enterobacteriaceae|g__Enterobacter|s__Enterobacter_huaxiensis	Enterobacter huaxiensis	enterobacter huaxiensis	enterobacter huaxiensis	Enterobacter huaxiensis	enterobacter huaxiensis	high	1.0	binomial_species_match	yes
k__Bacteria|p__Proteobacteria|c__Gammaproteobacteria|o__Enterobacterales|f__Enterobacteriaceae|g__Enterobacter|s__Enterobacter_huaxiensis|t__SGB31166	Enterobacter huaxiensis	enterobacter huaxiensis	enterobacter huaxiensis	Enterobacter huaxiensis	enterobacter huaxiensis	high	1.0	binomial_species_match	yes
k__Bacteria|p__Proteobacteria|c__Gammaproteobacteria|o__Enterobacterales|f__Enterobacteriaceae|g__Enterobacter|s__Enterobacter_hormaechei	Enterobacter hormaechei	enterobacter hormaechei	enterobacter hormaechei	Enterobacter hormaechei	enterobacter hormaechei	high	1.0	binomial_species_match	yes
k__Bacteria|p__Proteobacteria|c__Gammaproteobacteria|o__Enterobacterales|f__Enterobacteriaceae|g__Klebsiella|s__Klebsiella_variicola|t__SGB10114	Klebsiella variicola	klebsiella variicola	klebsiella variicola	Klebsiella variicola	klebsiella variicola	medium	0.5	binomial_species_match	yes
k__Bacteria|p__Proteobacteria|c__Gammaproteobacteria|o__Enterobacterales|f__Enterobacteriaceae|g__Enterobacter|s__Enterobacter_hormaechei|t__SGB10130	Enterobacter hormaechei	enterobacter hormaechei	enterobacter hormaechei	Enterobacter hormaechei	enterobacter hormaechei	high	1.0	binomial_species_match	yes
k__Bacteria|p__Proteobacteria|c__Gammaproteobacteria|o__Enterobacterales|f__Enterobacteriaceae|g__Klebsiella|s__Klebsiella_variicola	Klebsiella variicola	klebsiella variicola	klebsiella variicola	Klebsiella variicola	klebsiella variicola	medium	0.5	binomial_species_match	yes
k__Bacteria|p__Proteobacteria|c__Gammaproteobacteria|o__Enterobacterales|f__Hafniaceae|g__Hafnia|s__Hafnia_paralvei	Hafnia paralvei	hafnia paralvei	hafnia paralvei	Hafnia paralvei	hafnia paralvei	high	1.0	binomial_species_match	yes
k__Bacteria|p__Proteobacteria|c__Gammaproteobacteria|o__Enterobacterales|f__Enterobacteriaceae|g__Klebsiella|s__Klebsiella_pneumoniae	Klebsiella pneumoniae	klebsiella pneumoniae	klebsiella pneumoniae	Klebsiella pneumoniae	klebsiella pneumoniae	medium	0.5	binomial_species_match	yes
k__Bacteria|p__Proteobacteria|c__Gammaproteobacteria|o__Enterobacterales|f__Hafniaceae|g__Hafnia|s__Hafnia_paralvei|t__SGB10207	Hafnia paralvei	hafnia paralvei	hafnia paralvei	Hafnia paralvei	hafnia paralvei	high	1.0	binomial_species_match	yes
k__Bacteria|p__Proteobacteria|c__Gammaproteobacteria|o__Enterobacterales|f__Enterobacteriaceae|g__Klebsiella|s__Klebsiella_pneumoniae|t__SGB10115_group	Klebsiella pneumoniae	klebsiella pneumoniae	klebsiella pneumoniae	Klebsiella pneumoniae	klebsiella pneumoniae	medium	0.5	binomial_species_match	yes
k__Bacteria|p__Proteobacteria|c__Gammaproteobacteria|o__Enterobacterales|f__Enterobacteriaceae|g__Klebsiella|s__Klebsiella_michiganensis|t__SGB10119	Klebsiella michiganensis	klebsiella michiganensis	klebsiella michiganensis	Klebsiella michiganensis	klebsiella michiganensis	medium	0.5	binomial_species_match	yes
k__Bacteria|p__Proteobacteria|c__Gammaproteobacteria|o__Enterobacterales|f__Enterobacteriaceae|g__Klebsiella|s__Klebsiella_michiganensis	Klebsiella michiganensis	klebsiella michiganensis	klebsiella michiganensis	Klebsiella michiganensis	klebsiella michiganensis	medium	0.5	binomial_species_match	yes
k__Bacteria|p__Proteobacteria|c__Gammaproteobacteria|o__Enterobacterales|f__Enterobacteriaceae|g__Citrobacter|s__Citrobacter_portucalensis	Citrobacter portucalensis	citrobacter portucalensis	citrobacter portucalensis	Citrobacter portucalensis	citrobacter portucalensis	high	1.0	binomial_species_match	yes
k__Bacteria|p__Proteobacteria|c__Gammaproteobacteria|o__Enterobacterales|f__Enterobacteriaceae|g__Citrobacter|s__Citrobacter_freundii	Citrobacter freundii	citrobacter freundii	citrobacter freundii	Citrobacter freundii	citrobacter freundii	high	1.0	binomial_species_match	yes
k__Bacteria|p__Proteobacteria|c__Gammaproteobacteria|o__Enterobacterales|f__Enterobacteriaceae|g__Escherichia|s__Escherichia_marmotae	Escherichia marmotae	escherichia marmotae	escherichia marmotae	Escherichia marmotae	escherichia marmotae	high	1.0	binomial_species_match	yes
k__Bacteria|p__Proteobacteria|c__Gammaproteobacteria|o__Enterobacterales|f__Enterobacteriaceae|g__Citrobacter|s__Citrobacter_portucalensis|t__SGB10084	Citrobacter portucalensis	citrobacter portucalensis	citrobacter portucalensis	Citrobacter portucalensis	citrobacter portucalensis	high	1.0	binomial_species_match	yes
k__Bacteria|p__Proteobacteria|c__Gammaproteobacteria|o__Enterobacterales|f__Enterobacteriaceae|g__Citrobacter|s__Citrobacter_freundii|t__SGB10083	Citrobacter freundii	citrobacter freundii	citrobacter freundii	Citrobacter freundii	citrobacter freundii	high	1.0	binomial_species_match	yes
k__Bacteria|p__Proteobacteria|c__Gammaproteobacteria|o__Enterobacterales|f__Enterobacteriaceae|g__Escherichia|s__Escherichia_marmotae|t__SGB10064	Escherichia marmotae	escherichia marmotae	escherichia marmotae	Escherichia marmotae	escherichia marmotae	high	1.0	binomial_species_match	yes
k__Bacteria|p__Proteobacteria|c__Gammaproteobacteria|o__Enterobacterales|f__Enterobacteriaceae|g__Enterobacter|s__Enterobacter_kobei	Enterobacter kobei	enterobacter kobei	enterobacter kobei	Enterobacter kobei	enterobacter kobei	high	1.0	binomial_species_match	yes
k__Bacteria|p__Proteobacteria|c__Gammaproteobacteria|o__Enterobacterales|f__Enterobacteriaceae|g__Enterobacter|s__Enterobacter_ludwigii	Enterobacter ludwigii	enterobacter ludwigii	enterobacter ludwigii	Enterobacter ludwigii	enterobacter ludwigii	high	1.0	binomial_species_match	yes
k__Bacteria|p__Proteobacteria|c__Gammaproteobacteria|o__Enterobacterales|f__Enterobacteriaceae|g__Cronobacter|s__Cronobacter_sakazakii	Cronobacter sakazakii	cronobacter sakazakii	cronobacter sakazakii	Cronobacter sakazakii	cronobacter sakazakii	medium	0.5	binomial_species_match	yes
k__Bacteria|p__Proteobacteria|c__Gammaproteobacteria|o__Enterobacterales|f__Enterobacteriaceae|g__Klebsiella|s__Klebsiella_oxytoca	Klebsiella oxytoca	klebsiella oxytoca	klebsiella oxytoca	Klebsiella oxytoca	klebsiella oxytoca	medium	0.5	binomial_species_match	yes
k__Bacteria|p__Proteobacteria|c__Gammaproteobacteria|o__Enterobacterales|f__Enterobacteriaceae|g__Enterobacter|s__Enterobacter_mori	Enterobacter mori	enterobacter mori	enterobacter mori	Enterobacter mori	enterobacter mori	high	1.0	binomial_species_match	yes
k__Bacteria|p__Proteobacteria|c__Gammaproteobacteria|o__Enterobacterales|f__Enterobacteriaceae|g__Enterobacter|s__Enterobacter_ludwigii|t__SGB10127	Enterobacter ludwigii	enterobacter ludwigii	enterobacter ludwigii	Enterobacter ludwigii	enterobacter ludwigii	high	1.0	binomial_species_match	yes
k__Bacteria|p__Proteobacteria|c__Gammaproteobacteria|o__Enterobacterales|f__Enterobacteriaceae|g__Enterobacter|s__Enterobacter_mori|t__SGB10132	Enterobacter mori	enterobacter mori	enterobacter mori	Enterobacter mori	enterobacter mori	high	1.0	binomial_species_match	yes
k__Bacteria|p__Proteobacteria|c__Gammaproteobacteria|o__Enterobacterales|f__Enterobacteriaceae|g__Cronobacter|s__Cronobacter_sakazakii|t__SGB10090	Cronobacter sakazakii	cronobacter sakazakii	cronobacter sakazakii	Cronobacter sakazakii	cronobacter sakazakii	medium	0.5	binomial_species_match	yes
k__Bacteria|p__Proteobacteria|c__Gammaproteobacteria|o__Enterobacterales|f__Enterobacteriaceae|g__Klebsiella|s__Klebsiella_quasipneumoniae|t__SGB10112	Klebsiella quasipneumoniae	klebsiella quasipneumoniae	klebsiella quasipneumoniae	Klebsiella quasipneumoniae	klebsiella quasipneumoniae	medium	0.5	binomial_species_match	yes
k__Bacteria|p__Proteobacteria|c__Gammaproteobacteria|o__Enterobacterales|f__Enterobacteriaceae|g__Klebsiella|s__Klebsiella_oxytoca|t__SGB10118	Klebsiella oxytoca	klebsiella oxytoca	klebsiella oxytoca	Klebsiella oxytoca	klebsiella oxytoca	medium	0.5	binomial_species_match	yes
k__Bacteria|p__Proteobacteria|c__Gammaproteobacteria|o__Enterobacterales|f__Enterobacteriaceae|g__Klebsiella|s__Klebsiella_quasipneumoniae	Klebsiella quasipneumoniae	klebsiella quasipneumoniae	klebsiella quasipneumoniae	Klebsiella quasipneumoniae	klebsiella quasipneumoniae	medium	0.5	binomial_species_match	yes
k__Bacteria|p__Proteobacteria|c__Gammaproteobacteria|o__Enterobacterales|f__Enterobacteriaceae|g__Citrobacter|s__Citrobacter_braakii	Citrobacter braakii	citrobacter braakii	citrobacter braakii	Citrobacter braakii	citrobacter braakii	medium	0.5	binomial_species_match	yes
k__Bacteria|p__Proteobacteria|c__Gammaproteobacteria|o__Enterobacterales|f__Enterobacteriaceae|g__Citrobacter|s__Citrobacter_braakii|t__SGB10086	Citrobacter braakii	citrobacter braakii	citrobacter braakii	Citrobacter braakii	citrobacter braakii	medium	0.5	binomial_species_match	yes
k__Bacteria|p__Proteobacteria|c__Gammaproteobacteria|o__Enterobacterales|f__Hafniaceae|g__Hafnia|s__Hafnia_alvei	Hafnia alvei	hafnia alvei	hafnia alvei	Hafnia alvei	hafnia alvei	high	1.0	binomial_species_match	yes
k__Bacteria|p__Proteobacteria|c__Gammaproteobacteria|o__Enterobacterales|f__Hafniaceae|g__Hafnia|s__Hafnia_alvei|t__SGB10209	Hafnia alvei	hafnia alvei	hafnia alvei	Hafnia alvei	hafnia alvei	high	1.0	binomial_species_match	yes
k__Bacteria|p__Proteobacteria|c__Gammaproteobacteria|o__Enterobacterales|f__Enterobacteriaceae|g__Enterobacter|s__Enterobacter_roggenkampii	Enterobacter roggenkampii	enterobacter roggenkampii	enterobacter roggenkampii	Enterobacter roggenkampii	enterobacter roggenkampii	high	1.0	binomial_species_match	yes
k__Bacteria|p__Proteobacteria|c__Gammaproteobacteria|o__Enterobacterales|f__Enterobacteriaceae|g__Enterobacter|s__Enterobacter_roggenkampii|t__SGB10139	Enterobacter roggenkampii	enterobacter roggenkampii	enterobacter roggenkampii	Enterobacter roggenkampii	enterobacter roggenkampii	high	1.0	binomial_species_match	yes
k__Bacteria|p__Proteobacteria|c__Gammaproteobacteria|o__Enterobacterales|f__Enterobacteriaceae|g__Klebsiella|s__Klebsiella_aerogenes	Klebsiella aerogenes	klebsiella aerogenes	klebsiella aerogenes	Klebsiella aerogenes	klebsiella aerogenes	medium	0.5	binomial_species_match	yes
k__Bacteria|p__Proteobacteria|c__Gammaproteobacteria|o__Enterobacterales|f__Enterobacteriaceae|g__Klebsiella|s__Klebsiella_aerogenes|t__SGB10116	Klebsiella aerogenes	klebsiella aerogenes	klebsiella aerogenes	Klebsiella aerogenes	klebsiella aerogenes	medium	0.5	binomial_species_match	yes
