dataset_id	verification_item	required_for_processed_replication	current_status	classification_if_not_verified	manual_verification_goal	blocking_issue	notes
NISHIWAKI_MULTICOUNTRY_PD	publication_page	yes	pending_manual_verification	SOURCE_IDENTITY_UNCLEAR	confirm canonical publication/source identity	source_not_checked	must map cohort naming variants to one canonical source
NISHIWAKI_MULTICOUNTRY_PD	data_repository	yes	pending_manual_verification	SOURCE_IDENTITY_UNCLEAR	confirm repository provenance and access terms	source_not_checked	required before manual download decisions
NISHIWAKI_MULTICOUNTRY_PD	supplementary_tables	yes	pending_manual_verification	PARTIAL_EVIDENCE_NEEDS_MANUAL_REVIEW	locate processed abundance and metadata tables	source_not_checked	prefer species abundance + sample metadata as minimum
NISHIWAKI_MULTICOUNTRY_PD	species_abundance_table	yes	pending_manual_verification	NOT_READY_SOURCE_NOT_VERIFIED	verify explicit species-level abundance table availability	source_not_checked	primary processed-table requirement
NISHIWAKI_MULTICOUNTRY_PD	sample_metadata	yes	pending_manual_verification	NOT_READY_SOURCE_NOT_VERIFIED	verify sample metadata with PD/control labels	source_not_checked	must include sample IDs and case-control mapping
NISHIWAKI_MULTICOUNTRY_PD	pd_control_labels	yes	pending_manual_verification	NOT_READY_SOURCE_NOT_VERIFIED	verify explicit PD/control labels	source_not_checked	required for replication outcome definition
NISHIWAKI_MULTICOUNTRY_PD	data_dictionary_or_README	yes	pending_manual_verification	PARTIAL_EVIDENCE_NEEDS_MANUAL_REVIEW	verify variable definitions and field provenance	source_not_checked	required for interpretation and harmonization
NISHIWAKI_MULTICOUNTRY_PD	license_or_access_terms	yes	pending_manual_verification	NOT_READY_SOURCE_NOT_VERIFIED	verify license or reuse terms	source_not_checked	required before any manual download
NISHIWAKI_MULTICOUNTRY_PD	run_accession_mapping	no	pending_manual_verification	PARTIAL_EVIDENCE_NEEDS_MANUAL_REVIEW	record if available for future raw-read validation	source_not_checked	not required for Phase 2H processed-table readiness
